{
    "spectral_radius": 0.967080464649563,
    "input_shift": 0.0,
    "noise_level": 0.01785271202963875,
    "embedding_parameters": null,
    "regression_parameters": [
        4.150506276388652,
        0.08063806663496358
    ],
    "connectivity": 0.25,
    "regression_method": "linsvr",
    "n_dim": null,
    "n_drop": 100,
    "n_internal_units": 160,
    "embedding": "identity",
    "teacher_shift": 0.0,
    "teacher_scaling": 0.6339106151984019,
    "feedback_scaling": "feedback_scaling",
    "input_scaling": 0.1084723100468871
}