{
    "n_drop": 100,
    "spectral_radius": 0.7305850427721068,
    "feedback_scaling": "feedback_scaling",
    "n_dim": 114,
    "n_internal_units": 338,
    "embedding": "kpca",
    "embedding_parameters": 0.07010557774973537,
    "input_scaling": 0.8138381838327157,
    "noise_level": 0.06346396076674428,
    "regression_method": "lasso",
    "regression_parameters": 0.001,
    "teacher_shift": 0.0,
    "teacher_scaling": 0.7306455904361416,
    "connectivity": 0.25,
    "input_shift": 0.0
}