{
    "n_dim": 221,
    "input_scaling": 0.5149375440581492,
    "embedding": "pca",
    "connectivity": 0.25,
    "teacher_shift": 0.0,
    "noise_level": 0.002007767607137556,
    "teacher_scaling": 0.6719635688025472,
    "regression_method": "ridge",
    "spectral_radius": 0.6468041098750545,
    "n_drop": 100,
    "embedding_parameters": null,
    "feedback_scaling": "feedback_scaling",
    "input_shift": 0.0,
    "regression_parameters": 0.3203030069980464,
    "n_internal_units": 488
}