{
    "connectivity": 0.25,
    "regression_parameters": [
        0.001,
        0.046655810889218614
    ],
    "n_drop": 100,
    "teacher_scaling": 0.8403448972242924,
    "regression_method": "enet",
    "teacher_shift": 0.0,
    "input_shift": 0.0,
    "noise_level": 0.0804340196951473,
    "n_internal_units": 475,
    "input_scaling": 0.8708991944247411,
    "spectral_radius": 0.5678803150414192,
    "embedding": "identity",
    "feedback_scaling": 0.0,
    "n_dim": null,
    "embedding_parameters": null
}