{
    "n_drop": 100,
    "embedding_parameters": 0.027615743897490275,
    "input_scaling": 0.24722098287219155,
    "teacher_scaling": 0.19007267573690623,
    "feedback_scaling": 0.0,
    "connectivity": 0.25,
    "input_shift": 0.0,
    "regression_method": "nusvr",
    "teacher_shift": 0.0,
    "n_dim": 11,
    "n_internal_units": 212,
    "spectral_radius": 1.1985068995263561,
    "noise_level": 0.046003979170873066,
    "embedding": "kpca",
    "regression_parameters": [
        7.428448768400856,
        0.45203875589167125,
        0.7311176739692132
    ]
}