{
    "connectivity": 0.25,
    "feedback_scaling": 0.0,
    "embedding_parameters": null,
    "input_shift": 0.0,
    "teacher_shift": 0.0,
    "spectral_radius": 1.010351236874296,
    "embedding": "identity",
    "n_drop": 100,
    "n_internal_units": 187,
    "n_dim": null,
    "input_scaling": 0.7731464918746149,
    "regression_parameters": [
        4.226357624627333,
        0.3566757152665246,
        0.010340730033680329
    ],
    "teacher_scaling": 0.5232964964690477,
    "regression_method": "nusvr",
    "noise_level": 0.059976232921434475
}