{
    "spectral_radius": 1.2568313656393344,
    "feedback_scaling": 0.0,
    "connectivity": 0.25,
    "n_internal_units": 352,
    "input_shift": 0.0,
    "teacher_scaling": 0.45917153984094305,
    "regression_parameters": [
        0.001,
        0.001
    ],
    "regression_method": "enet",
    "embedding": "pca",
    "n_drop": 100,
    "input_scaling": 0.7784952743876044,
    "noise_level": 0.0010314828424331703,
    "n_dim": 208,
    "teacher_shift": 0.0,
    "embedding_parameters": null
}