{
    "regression_method": "bayeridge",
    "n_dim": 9,
    "embedding_parameters": null,
    "n_drop": 100,
    "teacher_scaling": 0.6940782834802728,
    "input_shift": 0.0,
    "noise_level": 0.040134113143313103,
    "feedback_scaling": 0.0,
    "teacher_shift": 0.0,
    "input_scaling": 0.8104130371838034,
    "n_internal_units": 497,
    "connectivity": 0.25,
    "regression_parameters": [
        0.384718296704098,
        0.2957904954184334,
        0.5959124377971752,
        0.8601241812281087
    ],
    "spectral_radius": 0.9757723867419309,
    "embedding": "ica"
}