{
    "embedding_parameters": null,
    "input_shift": 0.0,
    "regression_parameters": [
        0.006362849854353619,
        0.8839388467598199
    ],
    "input_scaling": 0.9,
    "regression_method": "enet",
    "embedding": "pca",
    "feedback_scaling": 0.0,
    "spectral_radius": 1.345860622537492,
    "noise_level": 0.0017371352035624233,
    "teacher_scaling": 0.6875141670085984,
    "n_dim": 101,
    "connectivity": 0.25,
    "teacher_shift": 0.0,
    "n_internal_units": 252,
    "n_drop": 100
}