{
    "input_shift": 0.0,
    "teacher_scaling": 0.1,
    "n_drop": 100,
    "regression_method": "nusvr",
    "regression_parameters": [
        8.746896218950564,
        0.7307251186482617,
        0.001680271057226001
    ],
    "embedding": "pca",
    "n_internal_units": 180,
    "feedback_scaling": 0.0,
    "noise_level": 0.0907308826190382,
    "input_scaling": 0.52394362010587,
    "teacher_shift": 0.0,
    "embedding_parameters": null,
    "spectral_radius": 0.7179270456945231,
    "connectivity": 0.25,
    "n_dim": 16
}