{
    "embedding_parameters": 0.08918844194965918,
    "teacher_scaling": 0.8672827691767553,
    "teacher_shift": 0.0,
    "embedding": "kpca",
    "connectivity": 0.25,
    "input_shift": 0.0,
    "n_internal_units": 435,
    "spectral_radius": 1.1880601964525264,
    "feedback_scaling": 0.0,
    "regression_parameters": null,
    "input_scaling": 0.6890134843169838,
    "regression_method": "bayelinear",
    "n_drop": 100,
    "n_dim": 56,
    "noise_level": 0.06075266190397091
}