{
    "n_drop": 100,
    "regression_parameters": [
        0.7388313475198326,
        0.46487667081353934,
        0.7425175255081956,
        0.7163828696209745
    ],
    "spectral_radius": 0.8395929370433055,
    "teacher_shift": 0.0,
    "teacher_scaling": 0.30517618863493956,
    "n_dim": 92,
    "noise_level": 0.06641148090454359,
    "embedding": "pca",
    "embedding_parameters": null,
    "input_shift": 0.0,
    "feedback_scaling": 0.0,
    "connectivity": 0.25,
    "input_scaling": 0.3358801344684787,
    "regression_method": "bayeridge",
    "n_internal_units": 443
}