{
    "input_scaling": 0.10370717359117076,
    "teacher_scaling": 0.4926392991565812,
    "input_shift": 0.0,
    "noise_level": 0.012202610744997977,
    "embedding_parameters": null,
    "n_dim": null,
    "feedback_scaling": 0.0,
    "regression_parameters": [
        0.6262879982053741,
        0.39600914658907543,
        0.8220389288034455,
        0.9411998010125652
    ],
    "regression_method": "bayeridge",
    "teacher_shift": 0.0,
    "n_drop": 100,
    "n_internal_units": 451,
    "embedding": "identity",
    "connectivity": 0.25,
    "spectral_radius": 0.9642709569445893
}