{
    "spectral_radius": 0.8892813301136182,
    "feedback_scaling": 0.0,
    "teacher_scaling": 0.33249915643103706,
    "n_internal_units": 126,
    "embedding_parameters": 0.001,
    "input_shift": 0.0,
    "regression_method": "nusvr",
    "n_drop": 100,
    "n_dim": 110,
    "regression_parameters": [
        6.690377175049288,
        0.5307215366005559,
        0.14231263931721502
    ],
    "input_scaling": 0.554996527063884,
    "noise_level": 0.012615573194326525,
    "embedding": "kpca",
    "teacher_shift": 0.0,
    "connectivity": 0.25
}