{
    "spectral_radius": 1.1293905665336057,
    "regression_parameters": 0.001,
    "teacher_shift": 0.0,
    "embedding_parameters": 0.013575510243709874,
    "noise_level": 0.05040059141733048,
    "n_internal_units": 205,
    "n_drop": 100,
    "teacher_scaling": 0.8773291621156647,
    "input_scaling": 0.854778036,
    "input_shift": 0.0,
    "connectivity": 0.25,
    "feedback_scaling": 0.0,
    "n_dim": 62,
    "embedding": "kpca",
    "regression_method": "lasso"
}