{
    "embedding_parameters": null,
    "teacher_shift": 0.0,
    "input_shift": 0.0,
    "teacher_scaling": 0.7036955621566534,
    "embedding": "tsvd",
    "spectral_radius": 1.2582343199149837,
    "n_drop": 100,
    "feedback_scaling": 0.0,
    "noise_level": 0.07438267623377647,
    "n_dim": 151,
    "input_scaling": 0.742781106386356,
    "n_internal_units": 475,
    "regression_parameters": [
        0.001,
        0.3097649082507193
    ],
    "regression_method": "enet",
    "connectivity": 0.25
}