{
    "noise_level": 0.08540779225369592,
    "n_dim": 165,
    "input_scaling": 0.7398719041232654,
    "embedding": "pca",
    "connectivity": 0.25,
    "embedding_parameters": null,
    "n_drop": 100,
    "regression_parameters": [
        0.001,
        0.00585166850571211
    ],
    "teacher_shift": 0.0,
    "n_internal_units": 324,
    "feedback_scaling": 0.0,
    "input_shift": 0.0,
    "teacher_scaling": 0.3605808354181038,
    "spectral_radius": 0.5467626634109238,
    "regression_method": "enet"
}