{
    "feedback_scaling": 0.0,
    "n_dim": 52,
    "input_scaling": 0.18233562120233665,
    "regression_parameters": [
        8.011124579160871,
        0.8006834106712132,
        0.0392093401812528
    ],
    "teacher_scaling": 0.4298449901206979,
    "noise_level": 0.03481252590406416,
    "spectral_radius": 0.5195054913779951,
    "n_drop": 100,
    "n_internal_units": 104,
    "embedding_parameters": null,
    "input_shift": 0.0,
    "embedding": "tsvd",
    "regression_method": "nusvr",
    "connectivity": 0.25,
    "teacher_shift": 0.0
}