{
    "connectivity": 0.25,
    "teacher_shift": 0.0,
    "teacher_scaling": 0.17068224829715845,
    "n_internal_units": 113,
    "n_drop": 100,
    "noise_level": 0.010328832300193873,
    "regression_method": "nusvr",
    "regression_parameters": [
        6.793048310432451,
        0.7776457633061117,
        0.024744497751423372
    ],
    "feedback_scaling": 0.0,
    "embedding_parameters": null,
    "input_scaling": 0.13924953280066577,
    "n_dim": null,
    "spectral_radius": 0.5884687556425089,
    "input_shift": 0.0,
    "embedding": "identity"
}