{
    "input_shift": 0.0,
    "spectral_radius": 1.1800519494000055,
    "connectivity": 0.25,
    "n_dim": null,
    "embedding_parameters": null,
    "n_internal_units": 158,
    "teacher_shift": 0.0,
    "regression_parameters": [
        9.434878778297955,
        0.001
    ],
    "feedback_scaling": 0.0,
    "regression_method": "linsvr",
    "embedding": "identity",
    "input_scaling": 0.6462286761908256,
    "noise_level": 0.081976895602544,
    "teacher_scaling": 0.8370309934970125,
    "n_drop": 100
}