{
    "input_scaling": 0.8399817398070318,
    "n_dim": null,
    "teacher_shift": 0.0,
    "n_internal_units": 246,
    "input_shift": 0.0,
    "teacher_scaling": 0.8949744141518494,
    "spectral_radius": 0.5226038551710461,
    "regression_parameters": [
        7.2948501672381845,
        0.48691818310229584,
        0.03210188919411197
    ],
    "regression_method": "nusvr",
    "n_drop": 100,
    "embedding_parameters": null,
    "embedding": "identity",
    "noise_level": 0.0,
    "connectivity": 0.25,
    "feedback_scaling": 0.0
}