{
    "embedding": "identity",
    "n_internal_units": 103,
    "embedding_parameters": null,
    "regression_method": "bayeridge",
    "n_drop": 100,
    "teacher_scaling": 0.8074233424446204,
    "input_scaling": 0.9,
    "regression_parameters": [
        0.14791642345093714,
        0.8233034458308485,
        0.5452069545919987,
        0.001294929708674666
    ],
    "n_dim": null,
    "input_shift": 0.0,
    "spectral_radius": 1.3599957024203608,
    "noise_level": 0.043716919260074746,
    "feedback_scaling": 0.0,
    "teacher_shift": 0.0,
    "connectivity": 0.25
}