{
    "spectral_radius": 1.3020960344765977,
    "noise_level": 0.014866229084075592,
    "n_dim": 491,
    "n_drop": 100,
    "input_shift": 0.0,
    "embedding_parameters": null,
    "n_internal_units": 491,
    "connectivity": 0.25,
    "teacher_scaling": 0.42075483153118964,
    "teacher_shift": 0.0,
    "feedback_scaling": 0.0,
    "embedding": "pca",
    "regression_parameters": [
        0.7501967564258909,
        0.06624113294294512,
        0.686031824877178,
        0.5494769256083483
    ],
    "input_scaling": 0.4721276570778662,
    "regression_method": "bayeridge"
}