{
    "n_dim": null,
    "n_internal_units": 469,
    "regression_method": "linsvr",
    "embedding_parameters": null,
    "regression_parameters": [
        0.2311460291215892,
        0.02841500442285328
    ],
    "input_scaling": 0.6122709440314155,
    "connectivity": 0.25,
    "embedding": "identity",
    "teacher_shift": 0.0,
    "noise_level": 0.049738561349022097,
    "n_drop": 100,
    "input_shift": 0.0,
    "feedback_scaling": 0.0,
    "teacher_scaling": 0.8697768883856448,
    "spectral_radius": 1.06812739762807
}