{
    "n_drop": 100,
    "embedding_parameters": null,
    "input_shift": 0.0,
    "regression_parameters": 0.020022862726030252,
    "connectivity": 0.25,
    "n_internal_units": 435,
    "teacher_shift": 0.0,
    "regression_method": "lasso",
    "teacher_scaling": 0.14634140593451425,
    "feedback_scaling": 0.0,
    "embedding": "identity",
    "spectral_radius": 0.9879230123132923,
    "input_scaling": 0.49273416080097854,
    "n_dim": null,
    "noise_level": 0.0730868756790986
}