{
    "teacher_scaling": 0.48562125765086245,
    "embedding": "ica",
    "connectivity": 0.25,
    "n_dim": 1,
    "feedback_scaling": "feedback_scaling",
    "noise_level": 0.01578989500752115,
    "teacher_shift": 0.0,
    "embedding_parameters": null,
    "regression_parameters": [
        8.638988900784366,
        0.9201399652324291,
        0.001
    ],
    "input_shift": 0.0,
    "regression_method": "nusvr",
    "n_internal_units": 500,
    "input_scaling": 0.15985797699974966,
    "n_drop": 100,
    "spectral_radius": 1.225270388426975
}