{
    "input_shift": 0.0,
    "regression_method": "ridge",
    "embedding_parameters": 0.053193573937361745,
    "teacher_scaling": 0.7986697064535615,
    "n_drop": 100,
    "teacher_shift": 0.0,
    "n_dim": 75,
    "connectivity": 0.25,
    "spectral_radius": 1.3684406645890443,
    "embedding": "kpca",
    "feedback_scaling": 0.0,
    "noise_level": 0.004126603735933466,
    "regression_parameters": 0.5406902533982659,
    "n_internal_units": 170,
    "input_scaling": 0.18357132211556115
}