{
    "teacher_scaling": 0.8637649255721204,
    "spectral_radius": 1.3042151130768538,
    "n_internal_units": 101,
    "regression_method": "bayeridge",
    "teacher_shift": 0.0,
    "n_dim": null,
    "connectivity": 0.25,
    "embedding_parameters": null,
    "noise_level": 0.037775397410865864,
    "input_shift": 0.0,
    "feedback_scaling": "feedback_scaling",
    "regression_parameters": [
        0.6781207198225436,
        0.9434468763496731,
        0.7523861362995204,
        0.001
    ],
    "embedding": "identity",
    "input_scaling": 0.8838015084043098,
    "n_drop": 100
}