{
    "embedding_parameters": null,
    "spectral_radius": 0.9315886627082441,
    "teacher_scaling": 0.13063328095117901,
    "connectivity": 0.25,
    "regression_parameters": [
        0.0034431463666149496,
        0.06426556661139014
    ],
    "input_scaling": 0.8751869584864397,
    "noise_level": 0.07290151276077379,
    "n_drop": 100,
    "embedding": "pca",
    "feedback_scaling": 0.0,
    "n_dim": 363,
    "regression_method": "enet",
    "input_shift": 0.0,
    "n_internal_units": 449,
    "teacher_shift": 0.0
}