{
    "teacher_shift": 0.0,
    "embedding_parameters": null,
    "embedding": "ica",
    "regression_parameters": [
        3.1488364463753133,
        0.001
    ],
    "feedback_scaling": 0.0,
    "connectivity": 0.25,
    "teacher_scaling": 0.8777733039881117,
    "input_scaling": 0.818496327357469,
    "regression_method": "linsvr",
    "n_dim": 87,
    "noise_level": 0.008235744486725505,
    "input_shift": 0.0,
    "spectral_radius": 0.997841207201529,
    "n_drop": 100,
    "n_internal_units": 334
}