{
    "embedding": "identity",
    "n_dim": null,
    "n_internal_units": 167,
    "regression_method": "nusvr",
    "connectivity": 0.25,
    "teacher_shift": 0.0,
    "spectral_radius": 0.5065805029293324,
    "n_drop": 100,
    "input_shift": 0.0,
    "regression_parameters": [
        2.9426947897056213,
        0.9125845747684754,
        0.001
    ],
    "embedding_parameters": null,
    "feedback_scaling": 0.0,
    "teacher_scaling": 0.30272295194387333,
    "input_scaling": 0.7764204315955696,
    "noise_level": 0.08740552218214273
}