{
    "embedding_parameters": null,
    "input_shift": 0.0,
    "n_drop": 100,
    "teacher_scaling": 0.816024184731781,
    "n_dim": null,
    "noise_level": 0.03481418833522796,
    "feedback_scaling": 0.0,
    "spectral_radius": 0.5,
    "connectivity": 0.25,
    "regression_parameters": [
        0.2508303867537516,
        0.19076359142795235,
        0.6193051637496935,
        0.2059145486020813
    ],
    "n_internal_units": 293,
    "embedding": "identity",
    "regression_method": "bayeridge",
    "input_scaling": 0.14609396551494022,
    "teacher_shift": 0.0
}