{
    "regression_method": "ridge",
    "regression_parameters": 0.49618816427184737,
    "embedding_parameters": null,
    "connectivity": 0.25,
    "embedding": "identity",
    "n_internal_units": 160,
    "n_drop": 100,
    "n_dim": null,
    "spectral_radius": 0.5141651126165063,
    "input_scaling": 0.1613960794302412,
    "noise_level": 0.02639622057003075,
    "teacher_scaling": 0.3268641830271711,
    "feedback_scaling": 0.0,
    "input_shift": 0.0,
    "teacher_shift": 0.0
}