{
    "regression_method": "bayeridge",
    "n_dim": 1,
    "feedback_scaling": "feedback_scaling",
    "input_shift": 0.0,
    "input_scaling": 0.4093289424477511,
    "connectivity": 0.25,
    "regression_parameters": [
        0.053234082236847335,
        1.0,
        0.8016167373965218,
        0.001
    ],
    "n_drop": 100,
    "noise_level": 0.035736788774563606,
    "embedding": "kpca",
    "spectral_radius": 0.8224820665921317,
    "embedding_parameters": 0.04764235331043925,
    "teacher_shift": 0.0,
    "teacher_scaling": 0.44443034313496943,
    "n_internal_units": 112
}