{
    "embedding_parameters": 0.02753860707035553,
    "regression_parameters": [
        9.705356900476149,
        0.001
    ],
    "spectral_radius": 0.6908446201019324,
    "embedding": "kpca",
    "teacher_scaling": 0.8873437010660379,
    "n_drop": 100,
    "input_shift": 0.0,
    "teacher_shift": 0.0,
    "noise_level": 0.05772366759524574,
    "connectivity": 0.25,
    "regression_method": "linsvr",
    "n_dim": 19,
    "feedback_scaling": "feedback_scaling",
    "n_internal_units": 263,
    "input_scaling": 0.7298379142112899
}