{
    "embedding_parameters": null,
    "n_dim": null,
    "input_shift": 0.0,
    "embedding": "identity",
    "regression_parameters": [
        2.927884595972891,
        0.2577214431424402,
        0.012181666375576028
    ],
    "spectral_radius": 0.7870089368959944,
    "input_scaling": 0.1,
    "connectivity": 0.25,
    "noise_level": 0.01756129986760275,
    "teacher_scaling": 0.18540231890652303,
    "regression_method": "nusvr",
    "n_internal_units": 108,
    "feedback_scaling": 0.0,
    "n_drop": 100,
    "teacher_shift": 0.0
}