{
    "regression_method": "nusvr",
    "feedback_scaling": 0.0,
    "embedding_parameters": null,
    "connectivity": 0.25,
    "regression_parameters": [
        5.416952267832251,
        0.5442809831104465,
        0.004105694209067361
    ],
    "spectral_radius": 0.70010733272285,
    "input_shift": 0.0,
    "n_drop": 100,
    "input_scaling": 0.5905956432863051,
    "teacher_shift": 0.0,
    "n_internal_units": 121,
    "noise_level": 0.043411175082022635,
    "embedding": "pca",
    "teacher_scaling": 0.4106190483476637,
    "n_dim": 80
}