{
    "connectivity": 0.25,
    "noise_level": 0.062372640070001095,
    "regression_method": "ridge",
    "input_shift": 0.0,
    "teacher_scaling": 0.33172366009667487,
    "n_internal_units": 187,
    "input_scaling": 0.8465509133734729,
    "n_drop": 100,
    "n_dim": 1,
    "feedback_scaling": "feedback_scaling",
    "teacher_shift": 0.0,
    "regression_parameters": 0.001,
    "spectral_radius": 1.0132495770835819,
    "embedding_parameters": 0.07213119805187757,
    "embedding": "kpca"
}