{
    "regression_method": "nusvr",
    "noise_level": 0.018612180445641103,
    "spectral_radius": 0.6192587386194632,
    "embedding": "identity",
    "n_dim": null,
    "teacher_scaling": 0.798165304718753,
    "connectivity": 0.25,
    "n_internal_units": 458,
    "feedback_scaling": "feedback_scaling",
    "teacher_shift": 0.0,
    "embedding_parameters": null,
    "input_shift": 0.0,
    "n_drop": 100,
    "regression_parameters": [
        9.9526837019428,
        0.7989238294114016,
        0.001
    ],
    "input_scaling": 0.819249732164844
}