{
    "input_shift": 0.0,
    "connectivity": 0.25,
    "spectral_radius": 0.9827088948942678,
    "noise_level": 0.02334837880172444,
    "n_drop": 100,
    "teacher_scaling": 0.31202405093547636,
    "input_scaling": 0.8457295731544083,
    "regression_method": "bayeridge",
    "teacher_shift": 0.0,
    "embedding": "kpca",
    "embedding_parameters": 0.07162345927983214,
    "n_internal_units": 149,
    "regression_parameters": [
        0.3439036198424866,
        0.9339548647341988,
        0.42543722059323563,
        0.001
    ],
    "n_dim": 6,
    "feedback_scaling": 0.0
}