{
    "n_drop": 100,
    "embedding_parameters": null,
    "input_scaling": 0.5830194809392563,
    "input_shift": 0.0,
    "regression_method": "bayeridge",
    "teacher_shift": 0.0,
    "n_internal_units": 482,
    "embedding": "empca",
    "feedback_scaling": 0.0,
    "connectivity": 0.25,
    "teacher_scaling": 0.5908815315994188,
    "noise_level": 0.006817111653385022,
    "regression_parameters": [
        0.5745382035403569,
        0.017827833086564635,
        0.10179453274495168,
        0.6866367020553715
    ],
    "n_dim": 85,
    "spectral_radius": 0.8223239785335368
}