{
    "embedding": "kpca",
    "feedback_scaling": "feedback_scaling",
    "connectivity": 0.25,
    "n_internal_units": 333,
    "noise_level": 0.066441069552263,
    "spectral_radius": 0.7407230724527198,
    "input_scaling": 0.1,
    "teacher_shift": 0.0,
    "n_drop": 100,
    "teacher_scaling": 0.3662183588927932,
    "input_shift": 0.0,
    "regression_method": "nusvr",
    "regression_parameters": [
        8.072637547559948,
        0.6651484016361363,
        0.0464120335934497
    ],
    "n_dim": 76,
    "embedding_parameters": 0.01107655424085284
}