{
    "input_scaling": 0.6488110110557831,
    "regression_method": "enet",
    "spectral_radius": 0.8188917709803849,
    "embedding_parameters": 0.028527630849746265,
    "n_internal_units": 257,
    "n_dim": 148,
    "teacher_scaling": 0.7919994513642558,
    "input_shift": 0.0,
    "regression_parameters": [
        0.001,
        0.32290854052637624
    ],
    "n_drop": 100,
    "embedding": "kpca",
    "connectivity": 0.25,
    "feedback_scaling": 0.0,
    "noise_level": 0.063645834413808,
    "teacher_shift": 0.0
}