{
    "regression_parameters": [
        1.2779868778982275,
        0.001
    ],
    "n_internal_units": 377,
    "noise_level": 0.014046634827455152,
    "teacher_scaling": 0.8151389444852922,
    "embedding": "ica",
    "input_scaling": 0.6571676618900282,
    "n_dim": 33,
    "embedding_parameters": null,
    "input_shift": 0.0,
    "teacher_shift": 0.0,
    "connectivity": 0.25,
    "n_drop": 100,
    "spectral_radius": 0.9238959074552116,
    "regression_method": "linsvr",
    "feedback_scaling": "feedback_scaling"
}