{
    "input_scaling": 0.7505459295639701,
    "n_internal_units": 381,
    "embedding": "kpca",
    "noise_level": 0.05390077016549949,
    "connectivity": 0.25,
    "regression_method": "linsvr",
    "n_dim": 270,
    "feedback_scaling": 0.0,
    "n_drop": 100,
    "teacher_scaling": 0.8936813468611176,
    "input_shift": 0.0,
    "embedding_parameters": 0.001,
    "spectral_radius": 0.9758743071681943,
    "teacher_shift": 0.0,
    "regression_parameters": [
        4.182029688549912,
        0.001
    ]
}