{
    "noise_level": 0.06306006142766421,
    "input_scaling": 0.7476740637157667,
    "regression_parameters": [
        0.171217165433888,
        0.9650436017163635,
        0.5743749954343339,
        0.001
    ],
    "n_internal_units": 166,
    "teacher_scaling": 0.11946433984421559,
    "feedback_scaling": 0.0,
    "connectivity": 0.25,
    "spectral_radius": 1.033792451757988,
    "embedding_parameters": null,
    "n_dim": 1,
    "n_drop": 100,
    "regression_method": "bayeridge",
    "teacher_shift": 0.0,
    "input_shift": 0.0,
    "embedding": "fa"
}