{
    "n_dim": 89,
    "spectral_radius": 1.1017030444463336,
    "feedback_scaling": 0.0,
    "noise_level": 0.00587803734584853,
    "connectivity": 0.25,
    "input_shift": 0.0,
    "regression_parameters": [
        0.001,
        0.005848111279819832
    ],
    "regression_method": "enet",
    "input_scaling": 0.11713531935852833,
    "embedding": "pca",
    "teacher_scaling": 0.7842339390624697,
    "n_drop": 100,
    "n_internal_units": 304,
    "embedding_parameters": null,
    "teacher_shift": 0.0
}