{
    "noise_level": 0.018650173686096474,
    "n_internal_units": 185,
    "input_shift": 0.0,
    "teacher_scaling": 0.6920777110967584,
    "n_dim": null,
    "regression_parameters": [
        0.08274516055766125,
        0.8432481143639536,
        0.7104050590130535,
        0.3705434842726588
    ],
    "spectral_radius": 0.9959639114862581,
    "embedding_parameters": null,
    "n_drop": 100,
    "feedback_scaling": 0.0,
    "connectivity": 0.25,
    "input_scaling": 0.7601021185626454,
    "teacher_shift": 0.0,
    "regression_method": "bayeridge",
    "embedding": "identity"
}