{
    "connectivity": 0.25,
    "n_internal_units": 171,
    "input_scaling": 0.9,
    "teacher_shift": 0.0,
    "input_shift": 0.0,
    "regression_parameters": [
        0.001,
        0.037353468856976976
    ],
    "noise_level": 0.03575089415830356,
    "feedback_scaling": 0.0,
    "regression_method": "enet",
    "embedding_parameters": 0.03202187311803101,
    "n_dim": 133,
    "spectral_radius": 1.077226703117617,
    "embedding": "kpca",
    "teacher_scaling": 0.5387206214918886,
    "n_drop": 100
}