{
    "teacher_shift": 0.0,
    "regression_method": "nusvr",
    "n_dim": 1,
    "noise_level": 0.016606206679910696,
    "input_scaling": 0.12542530411067176,
    "input_shift": 0.0,
    "teacher_scaling": 0.39629340298432036,
    "embedding": "pca",
    "regression_parameters": [
        7.485420039074535,
        0.6914980296160298,
        0.07589239804001273
    ],
    "connectivity": 0.25,
    "feedback_scaling": "feedback_scaling",
    "n_drop": 100,
    "embedding_parameters": null,
    "spectral_radius": 0.8227147866497565,
    "n_internal_units": 112
}