{
    "noise_level": 0.0,
    "teacher_scaling": 0.8161215714254441,
    "n_drop": 100,
    "input_shift": 0.0,
    "input_scaling": 0.4289556144288432,
    "feedback_scaling": 0.0,
    "regression_parameters": [
        8.427427621157955,
        0.8631696399024569,
        0.03363239996106472
    ],
    "spectral_radius": 0.7283103427925794,
    "teacher_shift": 0.0,
    "n_dim": null,
    "embedding_parameters": null,
    "n_internal_units": 204,
    "embedding": "identity",
    "regression_method": "nusvr",
    "connectivity": 0.25
}