{
    "regression_parameters": null,
    "embedding_parameters": 0.00412163931498518,
    "input_shift": 0.0,
    "teacher_scaling": 0.3259311772338688,
    "regression_method": "bayelinear",
    "teacher_shift": 0.0,
    "n_dim": 3,
    "embedding": "kpca",
    "input_scaling": 0.7924205599680668,
    "noise_level": 0.01212944569889296,
    "n_internal_units": 101,
    "connectivity": 0.25,
    "spectral_radius": 0.8862319183331363,
    "n_drop": 100,
    "feedback_scaling": 0.0
}