{
    "n_drop": 100,
    "regression_method": "enet",
    "regression_parameters": [
        0.001,
        0.3350509397277688
    ],
    "embedding_parameters": null,
    "embedding": "identity",
    "n_internal_units": 260,
    "input_scaling": 0.8970365237986142,
    "connectivity": 0.25,
    "n_dim": null,
    "spectral_radius": 0.9529438762867707,
    "feedback_scaling": 0.0,
    "input_shift": 0.0,
    "teacher_scaling": 0.4953365685920673,
    "noise_level": 0.05399794198927535,
    "teacher_shift": 0.0
}