{
    "input_shift": 0.0,
    "teacher_scaling": 0.4698376068322194,
    "spectral_radius": 0.6939820972803805,
    "regression_method": "bayeridge",
    "connectivity": 0.25,
    "n_internal_units": 154,
    "n_dim": 1,
    "input_scaling": 0.8591469946957815,
    "embedding": "ica",
    "noise_level": 0.09492551289836935,
    "teacher_shift": 0.0,
    "regression_parameters": [
        0.4825381060277231,
        0.41534355415281055,
        0.9217285861918371,
        0.05245648875576125
    ],
    "embedding_parameters": null,
    "n_drop": 100,
    "feedback_scaling": 0.0
}