{
    "spectral_radius": 0.6797378589659172,
    "connectivity": 0.25,
    "teacher_scaling": 0.4924390052891107,
    "input_scaling": 0.8186973615448759,
    "teacher_shift": 0.0,
    "regression_parameters": [
        0.001,
        0.001
    ],
    "feedback_scaling": 0.0,
    "embedding": "kpca",
    "n_dim": 110,
    "regression_method": "enet",
    "embedding_parameters": 0.04689446625100163,
    "noise_level": 0.06918777710439761,
    "n_internal_units": 413,
    "input_shift": 0.0,
    "n_drop": 100
}