{
    "regression_parameters": 0.001,
    "feedback_scaling": 0.0,
    "regression_method": "lasso",
    "n_dim": 165,
    "input_shift": 0.0,
    "embedding_parameters": 0.038751435021311675,
    "input_scaling": 0.797894893291417,
    "teacher_scaling": 0.8678715000932917,
    "connectivity": 0.25,
    "embedding": "kpca",
    "spectral_radius": 0.6412012740003895,
    "teacher_shift": 0.0,
    "noise_level": 0.011552195188335394,
    "n_drop": 100,
    "n_internal_units": 493
}