{
    "n_internal_units": 131,
    "input_scaling": 0.693665368503674,
    "regression_parameters": [
        0.8586682188533786,
        0.8352285626099131,
        0.37325719739621444,
        0.001
    ],
    "embedding": "wpca",
    "regression_method": "bayeridge",
    "connectivity": 0.25,
    "spectral_radius": 1.3060614724593966,
    "n_dim": 1,
    "noise_level": 0.09846758294604044,
    "teacher_scaling": 0.8781022451534586,
    "feedback_scaling": 0.0,
    "teacher_shift": 0.0,
    "input_shift": 0.0,
    "embedding_parameters": null,
    "n_drop": 100
}