{
    "n_internal_units": 306,
    "embedding": "kpca",
    "teacher_scaling": 0.8704312307192357,
    "noise_level": 0.02977489793390109,
    "input_shift": 0.0,
    "n_drop": 100,
    "input_scaling": 0.45156629220953937,
    "feedback_scaling": 0.0,
    "regression_method": "nusvr",
    "spectral_radius": 1.2990055765531698,
    "connectivity": 0.25,
    "teacher_shift": 0.0,
    "n_dim": 1,
    "regression_parameters": [
        5.732668678329964,
        0.6781392607971731,
        0.043810829303854715
    ],
    "embedding_parameters": 0.09449294939562586
}