{
    "feedback_scaling": 0.0,
    "embedding": "tsvd",
    "embedding_parameters": null,
    "n_internal_units": 404,
    "regression_method": "ridge",
    "n_drop": 100,
    "noise_level": 0.029628218546377184,
    "spectral_radius": 1.1378548857450084,
    "teacher_shift": 0.0,
    "input_shift": 0.0,
    "connectivity": 0.25,
    "regression_parameters": 0.2882754604999923,
    "teacher_scaling": 0.5810771186449731,
    "n_dim": 12,
    "input_scaling": 0.5657280850986545
}