{
    "feedback_scaling": 0.0,
    "input_shift": 0.0,
    "regression_parameters": [
        0.026611230978763403,
        0.874798788943405
    ],
    "spectral_radius": 0.731603048249388,
    "connectivity": 0.25,
    "embedding": "identity",
    "n_internal_units": 330,
    "embedding_parameters": null,
    "input_scaling": 0.8432350678025884,
    "n_dim": null,
    "n_drop": 100,
    "regression_method": "enet",
    "noise_level": 0.058605501175244726,
    "teacher_shift": 0.0,
    "teacher_scaling": 0.8504009566562414
}