{
    "embedding_parameters": null,
    "n_dim": null,
    "input_scaling": 0.7019646736619384,
    "embedding": "identity",
    "noise_level": 0.043424341226959255,
    "n_drop": 100,
    "feedback_scaling": 0.0,
    "connectivity": 0.25,
    "n_internal_units": 449,
    "regression_parameters": [
        0.13520584618454204,
        0.057618211859231785
    ],
    "teacher_shift": 0.0,
    "input_shift": 0.0,
    "regression_method": "enet",
    "teacher_scaling": 0.8162768581318127,
    "spectral_radius": 1.0883457031279888
}