{
    "regression_method": "enet",
    "spectral_radius": 1.076524330101047,
    "embedding_parameters": 0.002262242168580791,
    "embedding": "kpca",
    "teacher_scaling": 0.773846252763224,
    "regression_parameters": [
        0.001,
        0.6509821104214866
    ],
    "input_shift": 0.0,
    "feedback_scaling": "feedback_scaling",
    "teacher_shift": 0.0,
    "connectivity": 0.25,
    "input_scaling": 0.9,
    "noise_level": 0.04205895976726729,
    "n_dim": 251,
    "n_drop": 100,
    "n_internal_units": 419
}