{
    "regression_method": "linsvr",
    "n_dim": 110,
    "teacher_shift": 0.0,
    "embedding": "pca",
    "noise_level": 0.04142180925355036,
    "n_drop": 100,
    "regression_parameters": [
        8.110709051127614,
        0.001
    ],
    "spectral_radius": 0.6999486847585805,
    "connectivity": 0.25,
    "input_shift": 0.0,
    "embedding_parameters": null,
    "n_internal_units": 243,
    "teacher_scaling": 0.8766779101092789,
    "feedback_scaling": 0.0,
    "input_scaling": 0.5269533843590214
}