{
    "n_internal_units": 300,
    "connectivity": 0.25,
    "embedding_parameters": null,
    "embedding": "pca",
    "spectral_radius": 0.6903282773564843,
    "n_drop": 100,
    "regression_method": "nusvr",
    "input_scaling": 0.18035745563534933,
    "noise_level": 0.08192447784450083,
    "teacher_scaling": 0.5359917049757169,
    "regression_parameters": [
        2.365829524963957,
        0.5863287636629104,
        0.0182026847986055
    ],
    "n_dim": 212,
    "input_shift": 0.0,
    "teacher_shift": 0.0,
    "feedback_scaling": 0.0
}