{
    "teacher_scaling": 0.7646942777081462,
    "embedding_parameters": null,
    "feedback_scaling": "feedback_scaling",
    "n_drop": 100,
    "regression_parameters": [
        0.0035582015649248504,
        0.001
    ],
    "spectral_radius": 1.1129435101505476,
    "connectivity": 0.25,
    "embedding": "identity",
    "teacher_shift": 0.0,
    "input_scaling": 0.667178191891335,
    "n_internal_units": 422,
    "noise_level": 0.04875037738320409,
    "regression_method": "enet",
    "n_dim": null,
    "input_shift": 0.0
}