{
    "n_internal_units": 321,
    "input_shift": 0.0,
    "regression_parameters": [
        0.9076175870436218,
        0.6460038141033851,
        0.45077607643204515,
        0.17389146989094215
    ],
    "feedback_scaling": 0.0,
    "embedding_parameters": null,
    "input_scaling": 0.24047293574246106,
    "spectral_radius": 0.6680112720370834,
    "n_drop": 100,
    "connectivity": 0.25,
    "teacher_scaling": 0.12848498671373632,
    "regression_method": "bayeridge",
    "embedding": "tga",
    "n_dim": 308,
    "teacher_shift": 0.0,
    "noise_level": 0.042148770618481546
}