{
    "input_shift": 0.0,
    "n_dim": 1,
    "noise_level": 0.08747637717895457,
    "feedback_scaling": "feedback_scaling",
    "regression_parameters": [
        0.6396052367895225,
        0.9826470214139241,
        0.9710606113940495,
        0.001
    ],
    "spectral_radius": 0.5547056962148493,
    "embedding_parameters": null,
    "regression_method": "bayeridge",
    "input_scaling": 0.9,
    "teacher_scaling": 0.8373809942952233,
    "connectivity": 0.25,
    "embedding": "pca",
    "teacher_shift": 0.0,
    "n_drop": 100,
    "n_internal_units": 429
}