{
    "regression_method": "nusvr",
    "n_dim": 24,
    "input_scaling": 0.43328545188486334,
    "teacher_scaling": 0.6959361995085115,
    "regression_parameters": [
        10.0,
        0.8824894071086252,
        0.1987227773865262
    ],
    "feedback_scaling": 0.0,
    "teacher_shift": 0.0,
    "noise_level": 0.013919619049218233,
    "embedding": "kpca",
    "embedding_parameters": 0.015553951407141057,
    "spectral_radius": 1.1095554255461288,
    "connectivity": 0.25,
    "n_drop": 100,
    "input_shift": 0.0,
    "n_internal_units": 254
}