{
    "n_internal_units": 357,
    "regression_method": "enet",
    "n_dim": 152,
    "spectral_radius": 1.2330803545713565,
    "n_drop": 100,
    "embedding": "kpca",
    "input_shift": 0.0,
    "input_scaling": 0.9,
    "teacher_shift": 0.0,
    "feedback_scaling": 0.0,
    "connectivity": 0.25,
    "noise_level": 0.08647277067283066,
    "embedding_parameters": 0.0023788700904993614,
    "teacher_scaling": 0.9,
    "regression_parameters": [
        0.001,
        0.7580274852200253
    ]
}