{
    "n_dim": null,
    "n_internal_units": 487,
    "teacher_shift": 0.0,
    "regression_method": "ridge",
    "embedding_parameters": null,
    "input_scaling": 0.30138524591479043,
    "teacher_scaling": 0.5591064613938217,
    "spectral_radius": 0.5968592448101238,
    "embedding": "identity",
    "regression_parameters": 0.7590274202099445,
    "n_drop": 100,
    "noise_level": 0.007935145571939728,
    "feedback_scaling": 0.0,
    "input_shift": 0.0,
    "connectivity": 0.25
}