{
    "n_drop": 100,
    "n_internal_units": 482,
    "connectivity": 0.25,
    "feedback_scaling": "feedback_scaling",
    "embedding": "identity",
    "teacher_scaling": 0.8505373128645246,
    "embedding_parameters": null,
    "regression_parameters": [
        0.3783587020200041,
        0.4693463058613271,
        0.9285502274916522,
        0.001
    ],
    "input_shift": 0.0,
    "spectral_radius": 0.716040298524446,
    "input_scaling": 0.30191852452345397,
    "teacher_shift": 0.0,
    "regression_method": "bayeridge",
    "n_dim": null,
    "noise_level": 0.0
}