{
    "input_shift": 0.0,
    "n_internal_units": 314,
    "regression_method": "linsvr",
    "regression_parameters": [
        0.49171305631323536,
        0.2130913541344204
    ],
    "n_dim": 143,
    "noise_level": 0.045238067597038224,
    "teacher_scaling": 0.7972672725216552,
    "input_scaling": 0.19173653442397204,
    "connectivity": 0.25,
    "feedback_scaling": 0.0,
    "teacher_shift": 0.0,
    "embedding": "pca",
    "spectral_radius": 0.7250071294721188,
    "n_drop": 100,
    "embedding_parameters": null
}