{
    "n_drop": 100,
    "input_shift": 0.0,
    "embedding": "kpca",
    "feedback_scaling": 0.0,
    "connectivity": 0.25,
    "regression_parameters": 0.01356488773993533,
    "noise_level": 0.01397835485261253,
    "regression_method": "ridge",
    "teacher_scaling": 0.4963181427849601,
    "n_dim": 79,
    "teacher_shift": 0.0,
    "input_scaling": 0.2235267337042388,
    "spectral_radius": 1.4,
    "n_internal_units": 281,
    "embedding_parameters": 0.08958602952535227
}