{
    "input_scaling": 0.5732515659019097,
    "connectivity": 0.25,
    "embedding_parameters": null,
    "feedback_scaling": "feedback_scaling",
    "regression_method": "bayeridge",
    "noise_level": 0.02245159434045977,
    "regression_parameters": [
        0.7425496794126384,
        0.8801280691427805,
        0.4536466644018422,
        0.001
    ],
    "teacher_scaling": 0.8081430536444801,
    "teacher_shift": 0.0,
    "n_drop": 100,
    "n_dim": 1,
    "spectral_radius": 0.7605638695486121,
    "embedding": "ica",
    "n_internal_units": 259,
    "input_shift": 0.0
}