{
    "spectral_radius": 1.333327360501583,
    "regression_parameters": [
        0.1570006452729733,
        0.8519574132139117,
        0.001,
        0.001
    ],
    "n_dim": null,
    "input_scaling": 0.9,
    "teacher_scaling": 0.47062317962004463,
    "embedding": "identity",
    "input_shift": 0.0,
    "n_drop": 100,
    "feedback_scaling": 0.0,
    "embedding_parameters": null,
    "connectivity": 0.25,
    "regression_method": "bayeridge",
    "noise_level": 0.08174798562671631,
    "n_internal_units": 114,
    "teacher_shift": 0.0
}