{
    "spectral_radius": 0.742704604084546,
    "n_internal_units": 345,
    "regression_method": "enet",
    "feedback_scaling": 0.0,
    "teacher_scaling": 0.7688100641763685,
    "noise_level": 0.0190005508194296,
    "embedding_parameters": null,
    "input_scaling": 0.8974510368459566,
    "input_shift": 0.0,
    "n_drop": 100,
    "embedding": "pca",
    "regression_parameters": [
        0.009604602256661206,
        0.008969161577868756
    ],
    "n_dim": 284,
    "connectivity": 0.25,
    "teacher_shift": 0.0
}