{
    "input_shift": 0.0,
    "regression_method": "ridge",
    "noise_level": 0.001412411655177104,
    "embedding_parameters": null,
    "spectral_radius": 0.5687508924626239,
    "embedding": "pca",
    "input_scaling": 0.3535846404043893,
    "connectivity": 0.25,
    "n_dim": 114,
    "n_internal_units": 305,
    "teacher_shift": 0.0,
    "regression_parameters": 0.2507881405587708,
    "teacher_scaling": 0.5672347812675183,
    "feedback_scaling": 0.0,
    "n_drop": 100
}