{
    "teacher_shift": 0.0,
    "regression_method": "ridge",
    "n_internal_units": 463,
    "input_shift": 0.0,
    "input_scaling": 0.5582333054005749,
    "connectivity": 0.25,
    "n_drop": 100,
    "feedback_scaling": 0.043607981909510964,
    "n_dim": 307,
    "teacher_scaling": 0.13911227944162619,
    "spectral_radius": 0.9687400960431631,
    "embedding_parameters": 0.06093984702141168,
    "noise_level": 0.03903040259050461,
    "embedding": "spca",
    "regression_parameters": 0.001
}