{
    "input_shift": 0.0,
    "input_scaling": 0.7353564628543249,
    "n_internal_units": 462,
    "spectral_radius": 0.8747781738952976,
    "regression_method": "ransac",
    "n_drop": 100,
    "teacher_shift": 0.0,
    "connectivity": 0.25,
    "noise_level": 0.06161820978320218,
    "embedding": "identity",
    "feedback_scaling": 0.055886595610424486,
    "regression_parameters": null,
    "n_dim": null,
    "teacher_scaling": 0.8449557893449611,
    "embedding_parameters": null
}