{
    "noise_level": 0.07220816583061983,
    "regression_method": "ridge",
    "feedback_scaling": 0.0,
    "input_scaling": 0.34058810684154495,
    "embedding_parameters": null,
    "input_shift": 0.0,
    "teacher_scaling": 0.3274945171760326,
    "embedding": "identity",
    "n_drop": 100,
    "connectivity": 0.25,
    "n_internal_units": 486,
    "teacher_shift": 0.0,
    "spectral_radius": 0.5790750714800077,
    "regression_parameters": 0.00939548262495217,
    "n_dim": null
}