{
    "noise_level": 0.05805718240739546,
    "teacher_scaling": 0.46015968659530904,
    "connectivity": 0.25,
    "spectral_radius": 0.5512016010800094,
    "input_shift": 0.0,
    "n_dim": 255,
    "regression_method": "ridge",
    "n_internal_units": 471,
    "embedding_parameters": null,
    "n_drop": 100,
    "feedback_scaling": 0.0,
    "teacher_shift": 0.0,
    "embedding": "pca",
    "regression_parameters": 0.2915452789803655,
    "input_scaling": 0.6116693808136213
}