{
    "n_internal_units": 416,
    "n_dim": 154,
    "input_scaling": 0.1,
    "teacher_shift": 0.0,
    "n_drop": 100,
    "input_shift": 0.0,
    "feedback_scaling": 0.0,
    "spectral_radius": 0.5,
    "teacher_scaling": 0.8668905911401915,
    "connectivity": 0.25,
    "regression_method": "bayeridge",
    "noise_level": 0.050168222068420934,
    "regression_parameters": [
        0.6637701194598724,
        0.37710458398458335,
        0.8686412567777153,
        0.2703577558836868
    ],
    "embedding_parameters": null,
    "embedding": "ica"
}