{
    "input_shift": 0.0,
    "regression_method": "lasso",
    "n_dim": 368,
    "teacher_shift": 0.0,
    "noise_level": 0.04772431345849484,
    "embedding_parameters": 0.013242917073373061,
    "regression_parameters": 0.001,
    "n_internal_units": 450,
    "input_scaling": 0.8901115960328835,
    "teacher_scaling": 0.8380082338309945,
    "spectral_radius": 0.956319154470956,
    "n_drop": 100,
    "connectivity": 0.25,
    "embedding": "kpca",
    "feedback_scaling": 0.0
}