{
    "feedback_scaling": 0.0,
    "regression_parameters": [
        9.931248575808752,
        0.12204108181155024
    ],
    "n_drop": 100,
    "spectral_radius": 0.8478001157130083,
    "teacher_scaling": 0.8993212211763789,
    "n_dim": null,
    "embedding": "identity",
    "connectivity": 0.25,
    "embedding_parameters": null,
    "input_shift": 0.0,
    "input_scaling": 0.2446523200620927,
    "regression_method": "linsvr",
    "teacher_shift": 0.0,
    "noise_level": 0.03905271976972524,
    "n_internal_units": 494
}