{
    "spectral_radius": 0.697625677589683,
    "n_dim": 141,
    "n_internal_units": 170,
    "input_shift": 0.0,
    "teacher_shift": 0.0,
    "connectivity": 0.25,
    "teacher_scaling": 0.67313120333302,
    "regression_parameters": [
        6.811551999688346,
        0.40577525676038545,
        0.001
    ],
    "noise_level": 0.1,
    "input_scaling": 0.5758320077405593,
    "n_drop": 100,
    "feedback_scaling": 0.0,
    "regression_method": "nusvr",
    "embedding": "pca",
    "embedding_parameters": null
}