{
    "input_shift": 0.0,
    "n_dim": null,
    "teacher_shift": 0.0,
    "teacher_scaling": 0.8361027491026339,
    "regression_parameters": [
        0.10769053985338559,
        0.9476652360183158,
        0.28617423359029664,
        0.9445837487378087
    ],
    "embedding": "identity",
    "noise_level": 0.0,
    "spectral_radius": 0.5141670458543317,
    "connectivity": 0.25,
    "n_internal_units": 203,
    "regression_method": "bayeridge",
    "n_drop": 100,
    "feedback_scaling": 0.0,
    "input_scaling": 0.1,
    "embedding_parameters": null
}