{
    "spectral_radius": 1.1941981292808939,
    "input_scaling": 0.31072521496297445,
    "teacher_shift": 0.0,
    "embedding": "kpca",
    "embedding_parameters": 0.015848835328981258,
    "regression_parameters": [
        0.001,
        0.6717166332252419
    ],
    "connectivity": 0.25,
    "feedback_scaling": 0.0,
    "noise_level": 0.08986359372959575,
    "input_shift": 0.0,
    "n_internal_units": 331,
    "n_drop": 100,
    "teacher_scaling": 0.5377512641309238,
    "n_dim": 213,
    "regression_method": "enet"
}