{
    "teacher_scaling": 0.21240562213248,
    "embedding": "kpca",
    "input_scaling": 0.13149339115411784,
    "input_shift": 0.0,
    "embedding_parameters": 0.029286104601760073,
    "regression_parameters": 0.3735938541826747,
    "noise_level": 0.032971018227565686,
    "n_internal_units": 151,
    "connectivity": 0.25,
    "teacher_shift": 0.0,
    "spectral_radius": 1.1253256394386155,
    "n_dim": 29,
    "n_drop": 100,
    "regression_method": "ridge",
    "feedback_scaling": 0.0
}