{
    "noise_level": 0.08215766137064841,
    "n_dim": 51,
    "regression_parameters": [
        4.653849065708324,
        0.001
    ],
    "connectivity": 0.25,
    "regression_method": "linsvr",
    "input_scaling": 0.7686580992416144,
    "teacher_shift": 0.0,
    "feedback_scaling": 0.0,
    "input_shift": 0.0,
    "n_drop": 100,
    "n_internal_units": 175,
    "embedding_parameters": 0.07707772594324616,
    "embedding": "kpca",
    "spectral_radius": 0.9983955571572947,
    "teacher_scaling": 0.5408556775683925
}