{
    "n_internal_units": 179,
    "n_drop": 100,
    "noise_level": 0.0961904236804543,
    "spectral_radius": 1.1437535992469807,
    "feedback_scaling": 0.0,
    "input_shift": 0.0,
    "regression_parameters": [
        0.07310780888375437,
        0.8569027811383073,
        0.7013026759097775,
        0.3448579376066644
    ],
    "teacher_shift": 0.0,
    "input_scaling": 0.8439002249808768,
    "n_dim": 4,
    "connectivity": 0.25,
    "teacher_scaling": 0.8607581516170767,
    "embedding": "kpca",
    "regression_method": "bayeridge",
    "embedding_parameters": 0.010520029219413557
}