{
    "regression_method": "nusvr",
    "n_dim": 102,
    "feedback_scaling": 0.0,
    "n_internal_units": 133,
    "embedding": "pca",
    "input_scaling": 0.33278907559884363,
    "input_shift": 0.0,
    "noise_level": 0.031947348256319834,
    "regression_parameters": [
        1.615516391444679,
        0.6868940283376971,
        0.017522770328592473
    ],
    "spectral_radius": 0.6778154314326189,
    "teacher_scaling": 0.1355954072251616,
    "teacher_shift": 0.0,
    "n_drop": 100,
    "embedding_parameters": null,
    "connectivity": 0.25
}