{
    "regression_method": "enet",
    "connectivity": 0.25,
    "spectral_radius": 1.1437088984492207,
    "n_internal_units": 385,
    "n_drop": 100,
    "regression_parameters": [
        0.001,
        0.7249914421849053
    ],
    "noise_level": 0.08020062230902751,
    "n_dim": null,
    "feedback_scaling": 0.0,
    "input_scaling": 0.48179011831932184,
    "input_shift": 0.0,
    "teacher_scaling": 0.1436223850546152,
    "embedding": "identity",
    "teacher_shift": 0.0,
    "embedding_parameters": null
}