{
    "n_internal_units": 117,
    "teacher_shift": 0.0,
    "input_scaling": 0.1,
    "teacher_scaling": 0.8377273112593795,
    "input_shift": 0.0,
    "n_drop": 100,
    "n_dim": 19,
    "regression_method": "bayeridge",
    "noise_level": 0.0,
    "regression_parameters": [
        0.07484435892250618,
        0.8362175702812505,
        1.0,
        0.018879574894131015
    ],
    "spectral_radius": 0.8588234352136942,
    "embedding_parameters": null,
    "feedback_scaling": 0.0,
    "connectivity": 0.25,
    "embedding": "ica"
}