{
    "noise_level": 0.06096196580501039,
    "connectivity": 0.25,
    "input_scaling": 0.17074512920897494,
    "embedding_parameters": 0.004602978783021355,
    "regression_method": "bayeridge",
    "embedding": "kpca",
    "n_drop": 100,
    "input_shift": 0.0,
    "spectral_radius": 1.3343738500326625,
    "n_dim": 127,
    "teacher_shift": 0.0,
    "teacher_scaling": 0.8174194258877199,
    "feedback_scaling": 0.0,
    "n_internal_units": 193,
    "regression_parameters": [
        0.915447574639916,
        0.05683169543082217,
        0.7338741171197424,
        0.2617640049766624
    ]
}