{
    "connectivity": 0.25,
    "regression_parameters": [
        0.7335247598769461,
        0.16600553207928212
    ],
    "n_drop": 100,
    "input_scaling": 0.1,
    "spectral_radius": 0.612389513438735,
    "teacher_shift": 0.0,
    "input_shift": 0.0,
    "embedding_parameters": null,
    "regression_method": "linsvr",
    "n_internal_units": 271,
    "feedback_scaling": 0.0,
    "teacher_scaling": 0.6520752702065415,
    "noise_level": 0.010928853363193476,
    "embedding": "identity",
    "n_dim": null
}