{
    "feedback_scaling": 0.0,
    "embedding_parameters": null,
    "regression_parameters": [
        7.175020213779421,
        0.001
    ],
    "n_dim": 1,
    "input_scaling": 0.6179235690012137,
    "spectral_radius": 1.036946331292519,
    "noise_level": 0.04968682137748098,
    "teacher_shift": 0.0,
    "input_shift": 0.0,
    "n_internal_units": 296,
    "teacher_scaling": 0.8071057053989661,
    "regression_method": "linsvr",
    "n_drop": 100,
    "embedding": "ica",
    "connectivity": 0.25
}