{
    "regression_parameters": 0.001,
    "n_drop": 100,
    "embedding": "kpca",
    "input_scaling": 0.14223266025487666,
    "n_internal_units": 372,
    "connectivity": 0.25,
    "teacher_scaling": 0.9,
    "n_dim": 102,
    "feedback_scaling": 0.0,
    "embedding_parameters": 0.03573763810350164,
    "input_shift": 0.0,
    "teacher_shift": 0.0,
    "regression_method": "lasso",
    "spectral_radius": 1.2202793841952324,
    "noise_level": 0.034164186859208266
}