{
    "input_scaling": 0.9,
    "embedding": "kpca",
    "regression_method": "enet",
    "n_internal_units": 397,
    "noise_level": 0.0943227206577078,
    "n_dim": 8,
    "regression_parameters": [
        0.001,
        0.2746023192590452
    ],
    "embedding_parameters": 0.04029704680836563,
    "input_shift": 0.0,
    "spectral_radius": 0.6847965851318093,
    "teacher_scaling": 0.6443146914179856,
    "teacher_shift": 0.0,
    "n_drop": 100,
    "feedback_scaling": 0.0,
    "connectivity": 0.25
}