{
    "feedback_scaling": 0.0,
    "n_internal_units": 169,
    "embedding_parameters": null,
    "noise_level": 0.05953438343924264,
    "regression_parameters": [
        0.4659166557869035,
        0.4242429847742508,
        0.7645472920450801,
        0.18145274544406279
    ],
    "n_dim": 20,
    "regression_method": "bayeridge",
    "embedding": "ica",
    "n_drop": 100,
    "teacher_scaling": 0.4499033604657946,
    "input_shift": 0.0,
    "input_scaling": 0.789589062525767,
    "teacher_shift": 0.0,
    "spectral_radius": 0.7200634739305839,
    "connectivity": 0.25
}