{
    "input_scaling": 0.4876713280855103,
    "noise_level": 0.055313262716148906,
    "regression_method": "bayelinear",
    "embedding": "kpca",
    "teacher_scaling": 0.2180474448721611,
    "n_dim": 28,
    "embedding_parameters": 0.09468776694092877,
    "n_drop": 100,
    "spectral_radius": 1.3668511910973447,
    "input_shift": 0.0,
    "connectivity": 0.25,
    "feedback_scaling": 0.0,
    "regression_parameters": null,
    "n_internal_units": 348,
    "teacher_shift": 0.0
}