{
    "embedding": "kpca",
    "input_scaling": 0.8677705650781986,
    "n_drop": 100,
    "embedding_parameters": 0.05009118991658256,
    "spectral_radius": 1.2260355626380344,
    "feedback_scaling": 0.0,
    "n_dim": 427,
    "regression_method": "enet",
    "teacher_shift": 0.0,
    "teacher_scaling": 0.5900873572771796,
    "regression_parameters": [
        0.001,
        0.1856702712181099
    ],
    "n_internal_units": 497,
    "noise_level": 0.06572996793341372,
    "input_shift": 0.0,
    "connectivity": 0.25
}