{
    "input_scaling": 0.12193488097180197,
    "embedding": "pca",
    "n_dim": 307,
    "noise_level": 0.037760209240951005,
    "n_drop": 100,
    "input_shift": 0.0,
    "regression_parameters": [
        1.0,
        0.989447777263091,
        0.4868693059018566,
        0.17618153106764275
    ],
    "embedding_parameters": null,
    "n_internal_units": 317,
    "teacher_shift": 0.0,
    "connectivity": 0.25,
    "spectral_radius": 0.9790533081124196,
    "teacher_scaling": 0.30618335430148147,
    "regression_method": "bayeridge",
    "feedback_scaling": 0.0
}