{
    "regression_method": "bayeridge",
    "teacher_shift": 0.0,
    "teacher_scaling": 0.285937966101147,
    "input_shift": 0.0,
    "feedback_scaling": 0.0,
    "n_drop": 100,
    "regression_parameters": [
        0.31163209692948207,
        0.28079665673273635,
        0.1726750434356019,
        0.880639341089606
    ],
    "embedding_parameters": null,
    "n_internal_units": 492,
    "embedding": "identity",
    "noise_level": 0.05332557158454912,
    "connectivity": 0.25,
    "spectral_radius": 0.5664447343505971,
    "input_scaling": 0.125697762926617,
    "n_dim": null
}