{
    "input_shift": 0.0,
    "n_drop": 100,
    "teacher_scaling": 0.6382985973984996,
    "regression_parameters": [
        0.31058330347193325,
        0.016022352038076927,
        0.13341034388955542,
        0.3036582028621613
    ],
    "input_scaling": 0.8148193378039598,
    "feedback_scaling": 0.0,
    "teacher_shift": 0.0,
    "n_internal_units": 454,
    "embedding": "kpca",
    "embedding_parameters": 0.09163305233354291,
    "spectral_radius": 1.3821440561302758,
    "connectivity": 0.25,
    "n_dim": 395,
    "regression_method": "bayeridge",
    "noise_level": 0.06557959334833317
}