{
    "input_scaling": 0.6920571547090232,
    "noise_level": 0.08675940684672118,
    "embedding_parameters": null,
    "regression_parameters": [
        0.5111330415134544,
        0.014025497301086355
    ],
    "feedback_scaling": 0.0,
    "teacher_scaling": 0.8590676578656994,
    "n_dim": null,
    "connectivity": 0.25,
    "embedding": "identity",
    "n_internal_units": 413,
    "n_drop": 100,
    "regression_method": "linsvr",
    "spectral_radius": 1.4,
    "teacher_shift": 0.0,
    "input_shift": 0.0
}